material,beam_type,energy_nJ,peak_power_MW_est,Imax_TW_cm2,z_Imax_mm,cutoff_nm,energy_loss_pct,max_rho_cm3,runtime_s
fused_silica,vortex_m1,900.0000000000001,13.846153846153848,94.4809626876667,9.5,277.50951819072225,0.5168571285280921,1.234931208492721e+18,962.5013265609741
fused_silica,vortex_m1,1000.0000000000001,15.384615384615389,81.1861211566366,9.399999999999999,314.7366745350083,0.4724522061209324,4.210713749114768e+17,964.553804397583
fused_silica,vortex_m1,1050.0,16.153846153846157,83.43631552370184,11.899999999999999,311.1076093168697,0.5389873665210598,6.784122157629857e+17,963.2076771259308
fused_silica,vortex_m1,1100.0,16.923076923076923,65.66486252167304,10.599999999999998,277.50951819072225,0.4476047800652694,3.0094219154158784e+17,964.8168706893921
fused_silica,vortex_m1,1200.0000000000002,18.461538461538463,71.89021575503756,11.299999999999999,316.58314315077155,0.38016701543445164,4.494099423855941e+17,956.2247543334961
