material,beam_type,energy_nJ,peak_power_MW_est,Imax_TW_cm2,z_Imax_mm,final_cutoff_nm,energy_loss_pct,max_rho_cm3,runtime_s
sapphire_e,vortex_m1,700.0000000000001,10.76923076923077,52.73149178783583,11.199999999999998,407.4088089719405,0.48137404273482787,3.206866240462999e+17,981.0077073574066
sapphire_e,vortex_m1,900.0000000000001,13.846153846153848,61.74744487534495,9.299999999999999,410.5080753997836,0.4888934032573844,3.9308318102943635e+17,979.5734655857086
sapphire_e,vortex_m1,1000.0000000000001,15.384615384615389,64.19875733078077,9.299999999999999,398.38557809166684,0.66049506918745,5.935148331963584e+17,971.656343460083
sapphire_e,vortex_m1,1100.0,16.923076923076923,63.69842677498582,8.499999999999998,404.35598974858044,0.4688414346540548,3.025625124002561e+17,973.8374574184418
sapphire_e,vortex_m1,1200.0000000000002,18.461538461538463,66.12912575693818,14.2,373.56461431222357,0.6096255431231712,2.395927958288341e+18,976.2200288772583
